Year,State_Code,District_Code,Population,Literacy_Rate,Unemployment_Rate,Per_Capita_Income,Urban_Population_Percent,Electricity_Consumption_Units,Households_With_Toilets_Percent
2016,17,76,4070120,86.67,10.69,64503,76,728373,66.23
2013,5,711,2996862,92.97,4.27,173851,78.67,733389,56.07
2022,29,143,2726517,63.71,9.75,126840,47.09,1257260,76.24
2020,4,605,4357086,80.27,11.46,171827,72.74,1475520,92.28
2017,10,473,677220,85.15,4.06,79263,85.75,3455000,99.93
2022,17,417,493316,84.24,1.84,148491,32.01,3681311,76.47
2014,10,305,3567741,72.55,2.83,95087,41.84,3883831,64.28
2016,17,736,3506653,55.66,9.48,213353,84.52,4421906,53.51
2019,20,497,525595,80.07,12.89,91482,37.06,3896286,55.43
2012,24,291,1515744,65.88,1.63,225929,83.11,2061328,68.77
2016,5,102,1938806,74.36,11.28,162989,88.48,4189437,62.04
2020,34,267,3294424,96.18,5.78,188472,62.94,3669199,94.83
2020,6,622,2198091,72.16,7.7,80115,75.35,3791198,62.1
2017,2,3,4011676,91.11,14,54249,69.96,1450093,62.41
2014,13,85,1810462,63.11,5.65,284255,65.96,293691,63.01
2013,11,328,2288673,83.92,7.51,217897,34.55,3684476,90.2
2017,23,450,1673154,97.01,1.19,150361,14.57,4575687,79.05
2017,16,454,4108848,59.38,2.14,64600,37.44,1290064,76.85
2012,31,629,3530826,55.36,4.62,77706,63.35,3065560,60.05
2015,11,221,859178,73.64,1.39,59222,18.2,4842998,89.07
2014,16,154,4827402,58.98,9.84,139041,10.95,3509747,42.3
2011,8,665,4720817,87.18,6.97,144504,21.18,2103146,92.25
2017,4,12,2612605,94.33,8.67,81139,67.26,2692440,70.76
2021,4,133,771037,73.66,3.45,154919,87.82,579969,63.9
2023,25,304,3282244,66.12,5.14,287677,88.65,2591721,69.83
2015,3,293,2849250,73.68,10.29,81302,49.52,782346,80.04
2011,32,300,1071469,86.11,14.51,265756,79.55,1104411,40.77
2021,3,740,2431306,55.39,1.71,127838,68.95,4495223,92.29
2014,27,43,2942371,80.35,13.47,239231,50.08,3031659,66.8
2010,29,343,1862336,81.37,9.08,179718,55.82,299542,60.58
2021,32,326,4383848,82.42,8.89,184615,20.98,1820342,48.29
2019,19,498,513001,65.41,8,265568,85.01,3583802,66.37
2015,21,364,3230246,85.7,1.97,299284,38.15,1919833,69.78
2022,5,427,2201061,58.93,2.26,193857,45.69,2050500,64.22
2021,18,21,4000511,63.57,9.41,118353,63.73,4184032,80.72
2018,28,407,2872136,92.73,5.77,202478,36.71,1323045,65.25
2010,22,619,565693,86.77,13.84,128992,30.34,4941905,97.69
2020,21,336,2686722,55.59,6.69,91428,60.48,3004936,75.96
2020,6,117,289017,65.68,3.01,63777,12,2036983,88.45
2019,1,124,464994,64.22,11.01,97939,67.66,1504568,46.56
2021,5,399,991768,66.64,5.11,224098,51.12,860956,63.84
2021,12,715,1890083,65.65,8.36,126450,58.46,3654382,60.21
2023,26,51,1126941,57.69,10.77,200625,60.55,3788498,74.17
2023,34,324,515982,74.73,13.6,63548,52.16,4457847,91.67
2023,14,141,2588568,86.51,12.09,234293,56.6,4665861,44.7
2012,26,470,323146,81.09,10.47,208337,64.7,599964,44.35
2021,27,334,1214795,83.93,10.51,165549,70.25,3097493,91.02
2016,9,373,1439330,58.49,14.24,211773,68.2,899458,52.77
2013,26,564,2727747,95.91,5.14,222359,79.57,105435,80.13
2018,22,494,2459381,91.06,1.02,177799,25.16,239565,72.57
2012,30,539,4802820,89.62,4.81,281532,42.09,3042905,89.97
2014,17,669,3620599,90.39,4.05,221789,85.82,3528261,47.51
2012,26,156,2993295,95.11,10.27,203499,41.73,4854417,47.79
2016,1,291,3333616,78.4,9.87,187764,19.99,1427654,73.41
2014,8,648,127175,63.61,9.31,71625,52.04,2727014,96.78
2018,35,144,2735747,81.52,1.23,64918,18.76,2239934,64.9
2016,15,106,2128808,86.94,11.2,278003,26.23,547628,59.62
2011,22,420,1407453,86.73,5.53,212208,89.87,2667592,76.4
2013,14,670,3061786,77.42,10.31,154826,53.31,3119065,95.83
2018,26,658,145028,57.94,8.79,154881,32.72,4159319,90.22
2021,28,2,1608242,70.96,5.8,223481,89.58,564535,99.73
2023,23,589,4735754,94.59,2.88,55577,87.32,2748191,41.35
2011,14,644,4369453,80.13,2.32,125155,45.26,1448894,46.77
2019,24,90,4998008,78.15,12.64,151776,30.83,156572,76.57
2018,2,345,213834,66.56,13.86,139246,77.07,3650985,89.23
2019,26,350,2417555,70.84,10.1,273996,67.25,2613595,57.11
2014,14,459,1279787,93.5,2.45,297831,64.96,2233221,54.35
2011,7,263,3062359,83.66,6.63,291480,81.45,837550,87.22
2013,3,351,1375569,88.86,11.21,252803,65.15,1898954,43.38
2021,23,108,1466828,74.54,11.92,198761,32.7,2060350,62.16
2021,18,586,2464165,82.1,2.66,182226,65.51,882533,70.35
2016,35,39,3258823,65.68,1,275729,34.47,1029090,73.62
2021,15,159,3675654,85.33,10.97,134948,70.74,2902743,83.72
2022,25,583,335711,73.39,5.99,61341,59.58,487902,61.29
2017,28,312,1173389,74.03,4.56,137554,16.19,2000302,76.76
2012,10,241,625919,82.92,1.18,245753,51.03,784659,75.12
2023,17,445,3381106,95.26,8.56,147798,37.46,539717,72.86
2010,22,298,902746,57.75,12.92,86330,36.29,812494,78.43
2013,26,36,472381,90.46,14.41,289141,58.18,3890918,55.57
2011,25,84,1026433,67.57,8.92,127759,35.79,3267118,45.08
2017,17,452,4704548,74.09,8.2,239488,72.15,2341105,47.16
2013,13,385,2721252,55.94,2.19,296139,15.66,1420307,53.47
2011,20,172,4950164,67.94,8.68,126807,62.83,2422024,70.01
2023,25,376,1570943,76.61,6.32,73313,74.74,2664695,90.43
2015,4,685,451067,57.42,9.5,86900,63.83,4775431,82.08
2015,10,362,510796,76.12,6.44,118840,49.78,1195589,87.34
2019,3,559,1054001,94.87,4.36,205767,86.02,4935933,61.06
2013,18,141,362023,59.53,2.33,201297,34,1014217,64.28
2015,22,118,3255599,87.87,5.41,126072,11.53,3964708,63.62
2022,34,277,4736166,72.62,2.35,136367,44.56,4926176,51.51
2011,8,726,3227902,83.17,3.48,89156,12.64,178113,43.67
2019,19,220,805111,66.19,14.82,248281,86.31,2021792,75.45
2021,6,26,2370715,61.86,7.22,127453,26.79,4462113,99.35
2011,26,521,2284805,61.9,8.45,198901,73.11,1639219,50.01
2019,34,10,4354459,58.03,13.23,251980,71.97,4580572,42.8
2023,6,378,1949054,62.98,14.94,65938,27.42,4102262,86.77
2013,33,633,3507550,83.56,9.16,99164,59.7,4689716,55.16
2023,22,637,1600184,92.91,12.37,225602,13.85,4093687,89.78
2017,21,682,4224482,90.01,5.58,291993,48.69,2589667,82.24
2023,6,584,3323523,84.46,5.28,239271,11.17,4390955,96.74
2016,6,152,138668,59.75,6.64,100282,83.69,1395125,64.54
2021,4,720,2884837,67.44,10.42,87801,88.09,185395,79.72
2018,30,49,3669348,68.32,10.55,180537,27.78,4660141,67.89
2023,11,154,1974914,65.75,5.41,43326,26.65,1233859,77.84
2017,30,293,4060162,77.15,2.86,174731,70.3,1193060,66.98
2014,31,580,4797395,78.03,9.85,231361,30.27,2798954,51.32
2022,24,50,2820742,70.35,2.8,198666,81.61,3335863,70.47
2011,9,664,2820374,70.21,9.1,155819,55.91,2495067,71.72
2014,3,531,3632299,90.63,10.71,44763,38.06,3751422,88.64
2017,31,612,3095915,88.94,10.81,259729,76.62,4483030,84.13
2019,24,60,320914,68.24,11.55,181900,49.47,314223,79.83
2018,31,167,4159803,94.29,13.22,87588,82.93,4269495,46.8
2021,6,202,412455,95.97,8,51221,84.24,2712761,83.24
2021,2,146,4524017,69.05,11.22,182283,23.23,2095457,70.02
2021,20,676,1084586,70.24,9.67,53569,10.19,1113071,93.65
2022,28,439,1796688,76.74,3.61,267966,88.71,4992397,95.19
2018,11,242,3150581,95.47,1.36,77860,82.49,3375072,43.31
2022,4,581,2711637,92.68,4.98,242630,14.44,3388560,89.24
2022,15,687,3722277,59.41,7.2,85337,76.64,1786090,42.26
2010,6,561,2134504,71.89,9.64,223383,46.62,4917842,62.03
2018,30,483,4207137,78.79,12.9,184587,30.72,387906,72.54
2016,2,108,2304736,76.63,3.75,111695,80.3,3427786,48.89
2018,15,226,3071372,63.34,2.76,293078,25.73,3416900,84.78
2017,11,673,2438229,91.93,14.49,282599,85.78,1284592,40.5
2010,8,631,3171881,84.11,2.51,146749,26.45,2245977,50.12
2021,26,661,4904042,91.03,7.7,258299,59.09,2211029,74.85
2017,5,662,2521378,91.93,9.2,195976,27.85,2326217,82.86
2017,6,432,3880121,87.18,8.58,231007,53.65,732731,95
2020,26,655,3612944,73.89,2.2,83790,64.72,461756,82.33
2012,4,419,1403324,81.25,1.8,108580,25.22,2314826,80.31
2010,19,455,3422455,61.9,2.48,246220,51.67,3360802,63.66
2017,20,160,4318173,83.97,9.2,45636,47.52,2121363,40.08
2012,33,523,919807,62.71,8.62,117129,15.68,617257,47.21
2012,20,650,4446720,84.84,4.27,285555,75.46,4690778,72.07
2010,12,590,4120028,64.87,9.93,173964,36.85,1400457,80.51
2020,1,77,2714496,60.05,12.48,61672,55.97,4325933,65.05
2014,26,509,2922176,62.11,1.58,45812,51.18,1581257,83.84
2019,14,441,1419277,55.09,7.97,267693,51.06,2151933,71.31
2016,11,254,799971,85.91,10.65,299249,18.58,2999359,44.45
2019,13,320,2643659,86.49,4.53,40654,43.88,2886719,51.52
2018,3,263,4216233,77.14,5.31,94633,46.19,3661497,90.4
2021,33,597,4510276,61.94,9.59,57143,68.69,362199,83.49
2016,6,658,4125837,58.59,13.57,95934,77.2,2970524,93.69
2018,10,554,1392057,55.82,12.34,107334,53.6,1237273,47.05
2017,5,374,2283706,62.13,9.16,143463,16.94,3967293,99.41
2021,23,637,535757,93.31,11.22,165851,28.95,133734,52.56
2011,10,167,2104376,65.39,6.11,69087,23.19,313299,40.71
2010,2,459,2329176,70.23,9.97,182690,19.97,2871034,99.85
2016,13,280,1235111,59.53,7.53,48446,39.27,242728,56.86
2016,2,700,2442919,64.56,3.66,258254,28.35,771253,80.08
2023,20,302,1550948,77.33,10.82,142127,27.46,1653185,50.6
2017,1,531,4157834,81.13,8.79,88867,14.38,1106152,74.81
2014,9,580,2458630,65.55,6.02,222100,11.41,793812,94.24
2012,17,218,1644918,57.48,13.76,100101,18.22,1817202,59.21
2021,9,102,4718170,71.81,1.29,198272,23.78,3362331,80.22
2017,11,554,2752994,65.07,5.42,266179,44.48,4093767,51.27
2015,15,288,2754716,64.44,1.8,128074,50.84,3925091,77.49
2020,24,167,4952444,96.27,11.73,277163,21.25,752168,60.19
2012,35,621,242512,81.5,10.83,232537,43.98,3789638,52.67
2010,30,36,3764379,78.95,5.64,280572,37.34,4586856,58.79
2012,31,744,4435724,72.88,10.46,257508,24.67,1295055,50.73
2014,5,741,4954948,73.44,6.54,158422,10.55,1308957,94.11
2023,14,353,1599420,78.26,11.59,295196,47.36,1241766,63.83
2012,11,676,2125915,84.95,7.36,127892,64.85,876644,54.72
2010,9,73,3398924,85.19,6.77,259631,28.1,3463712,66.9
2014,34,648,3395647,62.38,14.09,160044,20.54,624658,59.23
2019,12,353,3950379,76.5,4.51,79148,80.96,886918,84.67
2016,35,70,3854409,72.71,2.69,122928,32,103196,98.27
2023,35,425,3014932,92.43,9.18,191770,27.89,1649648,66.28
2016,1,708,697341,82.15,14.57,213542,78.57,3757919,91.66
2020,22,561,1570982,77.9,6.29,263143,75.37,3778588,73.95
2018,29,642,3379693,59.96,1.87,91660,45.87,2703680,49.43
2019,8,517,4048422,81.04,5.75,224982,49.14,1570017,81.44
2019,11,428,1251838,60.04,8.08,75450,27.42,2767293,70.81
2021,14,539,2214563,69.5,3.27,227535,16.26,2884787,79.04
2022,30,160,4529825,61.14,10.21,73757,55.87,958811,93.38
2012,35,149,3635681,84.76,14.97,118012,17.87,4164337,66.43
2016,21,230,4458285,63.87,7.32,146750,45.94,2764649,94.07
2010,5,712,2434291,71.85,5.97,167043,85.24,3736119,85.04
2013,19,562,2145588,93.51,6.61,241319,86.23,3157143,69.32
2022,14,67,2705982,63.79,2.61,243087,29.15,3656995,76.19
2013,26,381,4254955,76.84,13.37,202462,59.93,1767108,59.53
2023,4,58,3294967,73.03,6.81,96116,47.93,2953507,99.02
2014,25,259,3035696,55.78,6.42,184233,80.05,1881336,80.04
2016,25,342,487625,89.09,10.24,72152,31.71,724588,42.63
2016,18,130,3351106,57.97,7.19,251243,10.3,2254327,59.6
2022,8,727,1422070,75.39,10.08,146379,23,4170081,77.4
2020,14,172,2480721,79.11,1.86,266905,37.96,1250127,43.38
2022,32,614,2643726,82.02,12.39,60836,35.26,2589913,41.43
2013,33,209,4068280,84.61,14.17,261439,73.31,4017000,67
2022,23,354,2592017,65.89,10.08,237615,64.44,2778306,59.96
2016,15,471,4500252,55.43,14.36,226720,33.96,2314904,66.3
2020,33,116,1620057,86.11,3.12,197403,46.62,2450716,55.76
2012,25,264,911069,78.03,7.68,277064,17.64,4587561,49.88
2015,17,662,906626,90.95,9.43,181835,81.85,1919456,81.35
2021,33,442,2211352,90.32,9.14,109444,84.83,1364008,70.87
2011,2,548,156022,91.26,6.62,133109,88.38,2868654,52.01
2019,14,453,2849131,75.86,5.73,190259,79.48,1482212,59.18
2022,6,477,3257796,69.35,2.78,183029,23.92,1359112,75.51
2023,6,287,520529,89.04,6.48,175451,13.7,3976345,44.33
2018,3,303,3033516,74.41,3.28,199031,56.37,3280863,48.85
2014,7,311,211445,62.89,11.28,122018,83.01,2333414,44.39
2015,8,208,3884242,91.76,3.92,163076,24.19,1743063,88.74
2021,15,618,3332831,92.95,1.82,198177,10.56,104331,85.14
2021,29,446,4468909,75.05,8.73,171949,74.44,1665976,85.2
2021,33,670,734029,58.26,9.33,219425,16.14,4076808,82.98
2021,30,633,560370,71.68,13.21,123788,43.1,312854,80.16
2013,27,55,1802374,89.55,9.08,136870,64.31,4844353,68.62
2023,29,12,4465276,93.78,5.84,255657,28.94,1653416,78.54
2023,33,657,4049694,63.75,12.24,123308,16.72,3056156,42.3
2020,27,400,3358505,57.88,8.56,222639,71.6,2381696,77.29
2019,33,648,258944,92.73,2.11,97913,60.41,1233243,86.67
2016,4,515,2875494,71.74,8.92,42637,89.08,104677,70.02
2021,22,656,1411303,78.3,13.71,243850,37.54,304580,61.45
2018,2,542,4251765,96.63,6.55,82025,14.94,230334,56.65
2016,10,237,2944100,57.86,5.15,277989,68.75,4657885,78.57
2023,5,279,4716805,82.88,3.01,272259,51.74,2152109,81.57
2010,10,348,1247162,58.19,3.12,139508,27.06,2608963,92.26
2010,33,627,1096161,71.15,7.06,122464,72.54,1981934,60.54
2018,13,104,4738482,89.56,9.34,68742,26.3,2796711,86.19
2020,31,630,1829685,73.64,2.13,51831,30.85,658745,73.68
2023,24,517,1947501,97.88,14.15,153768,17.4,666819,92.97
2018,15,248,4804619,79.04,11.57,286983,41.95,3898043,71.67
2013,29,364,723218,68.81,9.21,125092,43.51,294243,71.06
2022,8,321,3935250,64.46,12.6,130879,51.16,4551535,74.67
2018,5,633,653291,70.07,2.12,128370,66.72,2970741,84.96
2012,29,286,4952059,71.02,7.68,166537,82.49,717423,97.88
2016,4,149,2711198,57.95,9.82,217834,21.02,690642,44.41
2015,12,84,2229431,70.89,12.6,144824,14.35,737031,43.21
2017,2,406,4259738,74.96,11.97,270030,11.48,2965893,96.25
2020,27,456,769407,86.08,4.88,128741,21.49,2103369,71.79
2018,31,743,2588143,83.24,14.17,58830,62.64,1350844,76.89
2023,26,161,387913,85.48,2.74,95044,68.2,1016094,68.95
2014,27,460,3965770,55.36,13.25,113948,72.92,4389361,45.62
2010,5,550,378821,64.36,14.59,109202,29.5,1186985,86.09
2012,20,500,2230707,83.45,3.48,77045,34.47,346889,84.83
2019,11,738,1751243,75.81,11.11,257394,48.65,1565088,58.7
2021,10,509,3937008,55.23,1.56,288329,15.05,4284251,58.37
2017,6,654,1862375,89.59,6.68,242123,58.89,3212252,90.27
2020,8,481,3677447,88.23,8.23,147509,88.7,4375542,44.34
2015,23,663,3665652,78.58,9.13,197699,38.86,1843227,92.87
2017,26,114,118803,57.86,14.1,55198,70.23,2471693,55.4
2018,12,749,857744,87.96,10.41,109521,50,4269647,75.58
2013,26,578,798736,80.1,7.74,282511,20.22,686470,96.16
2010,13,361,749539,88.62,12.34,146471,56.58,4074409,80.69
2023,18,341,295404,87.33,14.31,69475,33.99,3405141,64.87
2010,25,449,67297,89.53,1.31,276824,12.75,277216,81.37
2019,33,180,838443,77.27,14.76,290070,60.79,4749292,60.64
2013,12,702,3705074,61.03,2.21,59403,78.71,2276512,56.64
2021,4,407,3315962,83.86,12.4,43681,37.58,3783460,99.8
2023,5,666,4812606,81.68,4.92,131555,41.22,2636015,85.05
2016,8,196,3076394,86.92,2.85,158884,81.28,223662,78.68
2011,28,466,1277146,62.3,7.16,133122,75.09,1918352,61.32
2012,31,311,2930304,63.38,10.02,155260,67.2,3344571,42.95
2010,9,262,1383572,93.29,6.33,213364,29.9,2994558,41.86
2014,29,419,4755907,87.25,1.76,274129,82.82,736438,73.25
2010,14,406,665863,94.05,9.39,145386,22.35,1580175,85.72
2017,22,143,4751669,87.62,13.63,273378,60.14,1929484,72.24
2010,11,342,3815056,80.68,6.37,176701,12.3,1767690,90.45
2020,23,316,3375315,83.13,4.03,133246,61.5,4519425,42.01
2010,1,101,878791,93.23,7.2,135864,32.17,2069036,62.01
2011,21,244,3870887,79.89,1.68,248886,45.97,4011451,54.22
2011,26,490,2896274,82.19,12.49,48417,37.62,2846153,66.84
2021,23,12,4889498,61.73,12.57,158888,23.82,1204188,44.34
2015,1,239,4445564,75.38,9.23,205837,59.76,3809726,97.25
2016,15,561,426794,85.81,5.94,114499,80.56,3883112,53.4
2014,21,42,3928450,66.65,12.2,170908,86.73,2406569,95.34
2010,9,678,3083349,63.7,8.77,285160,25.39,311463,65.55
2010,9,594,1571466,68.49,12.56,227646,67.39,1767788,99.13
2012,10,429,2530252,65.38,9.84,273900,63.15,368602,73.24
2023,26,158,832877,64.24,11.98,261617,37.47,2494820,95.85
2011,35,216,4952825,73.27,9.38,299278,11.53,762213,40.32
2014,25,670,3935180,94.04,6.8,67675,65.18,4836912,84.89
2021,26,462,3660793,76.8,14.41,296681,85.64,2291306,94.18
2019,11,134,3349973,63.08,8.58,272783,60.57,2773683,48.38
2015,2,67,3130977,58.31,9.47,243339,44.82,3946703,45.77
2016,7,7,2349899,84.93,4.09,211635,52.01,2607720,65.47
2013,18,526,2022424,71.46,9.76,51332,25.97,3842849,96.02
2016,27,73,1386092,90.34,9,294817,70.04,193476,72.54
2020,34,399,900350,83.36,3.59,59177,69.71,214560,71.65
2017,27,405,3529027,89.24,1.83,170560,21.64,1449987,48.47
2020,17,675,3255228,66.69,9.46,260326,80.24,3807957,40.05
2010,24,578,217647,84.77,11.69,239519,31.54,969241,88.61
2015,25,130,2383679,66.35,8.33,97104,88.58,649656,45.25
2017,7,466,485477,95.38,4.17,124335,40.63,3538856,78.03
2014,6,206,1733523,82.36,10.33,154938,24.23,3680885,94.88
2013,24,266,4246656,68.95,2.12,120730,38.14,3503209,52.52
2011,33,537,4377308,66.59,7.19,176023,45.21,2197953,79.92
2015,29,253,3010033,63.21,3.29,277474,15.54,2827978,44.72
2015,22,289,1631420,84.87,3.58,68333,56.26,3095785,76.23
2020,26,164,836261,64.4,3.83,61673,57.81,4080125,49.84
2010,28,95,3544708,80.6,6.41,154421,69.11,1926629,84.16
2018,21,110,2878630,66.38,1.72,80870,12.33,2495265,58.07
2021,7,336,4294402,83.46,6.57,293017,53.3,191679,67.8
2020,17,238,3129042,90.04,8.16,167536,14.23,2878217,75.97
2015,20,381,2812081,88.46,7.77,111101,66.09,1439083,50.28
2022,20,436,176060,87.72,6.36,62821,14.46,3124628,84.5
2012,22,483,4374848,63.07,12.75,65494,82.94,3803367,58.16
2013,28,25,2846461,58.8,3.03,139477,66.17,4906540,79.74
2021,7,653,3127099,85.05,8.08,166083,50.59,3990702,49.5
2020,1,117,2894180,70.84,1.87,245232,45.32,4088395,81.29
2013,32,482,2671578,73.59,2,152698,20.45,2474151,47.69
2012,13,392,4637878,56.34,9.03,151560,33.28,277476,65.52
2019,30,537,1722795,66.16,8.92,171907,79.52,1299217,54.83
2012,23,79,4143886,56.45,13.29,296198,82.36,2775877,84.9
2012,19,580,2304103,92.8,8.81,58646,10.06,2353962,55.72
2013,32,173,2989362,65.47,14.44,163777,57.53,3049908,92.9
2016,30,12,612060,78.97,1.68,117360,67.54,4113880,93.51
2013,29,128,1556145,56.68,2.37,77335,59.5,2031441,51.79
2018,29,608,2698202,83.67,1.62,109351,16.53,365033,76.83
2010,30,92,1242931,68.89,3.59,154934,27.42,4828161,45.26
2017,16,653,4939084,93.61,8.58,173501,30.03,3452477,63.49
2016,19,543,921522,93.19,10.04,81950,76.54,4024845,82.8
2011,18,532,1592247,68.99,1.64,100654,47.06,1235730,79.57
2017,1,658,4422216,93.74,14.24,147422,48.95,1256649,77.48
2010,14,447,2231906,97.83,12.79,149934,84.79,3802085,56.95
2020,2,390,652276,90.49,5.15,159975,60.97,942329,62.68
2021,28,672,1550134,91.33,2.08,239215,81.89,1293582,46.18
2018,30,43,2654884,65.71,3.38,131186,46.52,988976,83.14
2018,4,254,1755243,79.8,2.78,144234,21.95,1691570,70.23
2011,1,130,4324692,57.89,2.73,268961,84.39,274588,82.53
2016,8,60,4072928,59.08,8.26,142326,46.7,3873618,54.94
2023,29,663,289779,97.95,4.44,117527,24.53,3685854,59.47
2019,3,467,3025605,69.05,6.01,126704,34.19,1630332,60.05
2012,32,287,4938639,87.17,14.85,202171,14.06,4419050,41.54
2016,10,517,838140,89.69,10.58,210457,47.46,4839023,60.46
2021,10,467,3608539,91.9,14.29,206991,78.25,1133290,88.2
2019,19,345,3796037,97.9,3,136952,84.69,4725535,93.84
2018,34,642,2173238,65.38,6.35,100782,84.61,3546549,71.09
2013,33,382,4776276,56.74,8.77,111116,20.02,3258546,67.33
2021,23,690,4638727,72.68,2.07,243662,40.56,581438,41.85
2010,28,253,1668963,60.59,1.06,129626,12.26,4868424,92.75
2011,32,56,640381,55.96,10.39,211459,78.41,2805430,40.78
2010,7,463,2982235,70.5,9.99,186895,38.7,1358542,96.69
2023,29,457,3733909,88.7,6.75,86015,60.49,1220780,69.35
2021,8,83,1589600,79.35,7.86,142877,67.19,2242936,60.52
2014,1,99,2277503,68.45,6.82,55339,44.39,4172091,95.45
2014,3,149,4282939,83.14,1.34,174563,34.52,1404140,41.46
2020,24,329,3120771,64.98,5.7,171778,86.98,4908098,74.89
2016,23,156,1193647,55.62,3.48,137493,87.16,3893868,72.94
2018,8,190,3661646,87.87,2.38,186800,33.15,1888702,53.16
2018,3,494,1466953,81.82,14.39,178069,48.37,3796724,65.73
2012,33,263,2744245,87.78,9.39,274609,87.83,1691711,79.14
2012,28,80,4172186,56.67,11.2,231480,10.39,1728853,83.63
2012,8,400,471280,91,5.42,229169,43.01,2158721,40.04
2013,34,609,959245,81.64,6.5,169526,18.04,2060391,96.21
2017,35,260,391207,79.23,4.32,209595,50.73,4757448,49.87
2015,32,615,1280746,81.86,2.36,161648,11.97,4176773,54.01
2017,24,552,3339791,92.17,3.51,65163,42.55,4612121,55.81
2010,14,101,642632,80.24,12.17,188790,27.66,2220100,42.27
2017,32,359,4087106,79.98,10.49,127508,52.66,159072,47.38
2013,16,380,4805185,97.6,8.66,254839,89.68,3575432,99.18
2020,4,221,4804896,87.54,7.65,79619,74.04,3983337,58.91
2010,21,420,1522178,74.02,13.91,52126,77.65,2263843,46.92
2017,14,124,1212189,85.42,2.02,260203,60.82,2862594,46.42
2013,31,422,3920426,71.74,4.93,104926,13.32,4134941,83.17
2015,18,231,464299,64.84,5.9,80633,26.54,4301390,91.27
2017,7,690,2431486,80.66,11.95,248726,84.01,489962,55.42
2013,10,63,3726158,94.91,14.9,43317,39.29,4886445,41.25
2023,7,485,4211900,94.95,4.37,84980,18.29,3577899,53.39
2012,33,628,175438,69.7,13.24,84115,66.19,3523788,43.39
2023,23,703,3820183,77.69,12.63,232718,33.96,901680,46.2
2018,21,574,1967043,64.1,4.15,83158,31.51,4231279,65.89
2012,19,483,2249391,97.81,6.59,227035,89.84,1959234,53.8
2018,19,519,685719,97.19,6.74,218703,78.65,1042529,70.96
2022,29,155,2851445,82.93,14.7,220388,42.64,4040008,55.21
2011,18,92,858258,89.59,3.53,145364,88.42,1687138,96.43
2023,2,526,4574474,85.75,12.19,230414,62.01,2186172,94.36
2011,1,455,2914140,80.51,5.68,55504,69.36,1465265,74.01
2011,5,741,3614462,57.29,11.23,239665,12.52,4030131,61.27
2015,20,598,231948,74.55,6.88,197732,19.73,3342222,62.87
2012,11,645,2632814,84.02,9.1,77196,60.65,215981,64.71
2022,2,510,3819457,84.13,12.66,105938,81.92,4310608,83.65
2018,3,183,1256751,71.04,12.26,179677,59.9,1422014,67.1
2013,23,386,1003692,95.49,13.13,97388,20.72,388569,91.4
2010,12,574,267770,62.2,1.83,252369,19.26,824071,96.65
2013,20,731,4149906,76.52,10.69,95501,77.53,3356505,60.16
2010,5,405,4886917,84.71,2.96,224381,21.14,502641,73.64
2023,30,246,2487245,84.98,6.82,67043,51.62,4912056,45.7
2014,9,742,2752882,82.89,8.68,73635,12.97,3876764,52.03
2013,34,591,1840008,66.84,6.64,250387,16.45,1615538,64.81
2017,35,661,1876525,61.72,8.27,120691,63.79,2999675,52.37
2017,22,650,4563070,82.35,14.95,277586,65.13,3499902,92.59
2016,24,471,1388530,80.77,2.89,73132,37.32,4949666,49.5
2012,17,423,4516951,62.71,10.46,260459,27.25,3499618,67.34
2010,10,65,2231913,85.32,6.54,55366,75.1,3504629,76.34
2010,30,13,1528768,74.57,2.86,133944,27.37,2292848,81.51
2021,23,213,1615213,83.71,3.22,243179,53.36,2873219,62.98
2020,32,242,2813398,91.01,14.29,233652,87.46,4964912,92.15
2012,17,493,738152,62.3,13.31,155267,21.83,1744173,74.1
2015,17,213,452980,55.82,13.7,293434,85.27,1069224,66.37
2016,14,693,1088336,88.5,14.88,228961,24.63,2867549,44.03
2015,9,338,2928350,81.22,3.92,250625,55.4,4361725,67.88
2023,2,173,1218932,85.08,5.98,79236,40.16,336436,89.24
2023,25,672,1499087,91.04,10.37,44150,87.19,2314178,76.87
2015,9,164,2581528,89.52,7.77,151369,31.88,174804,89.93
2015,22,465,2158542,96.32,6.86,59423,41.97,3757390,69.64
2022,4,497,987635,78.05,6.01,44137,88.63,3076877,47.11
2012,26,700,3552626,76.01,9.31,69992,52.92,3889514,40.82
2015,29,395,1436689,72.28,9.06,150540,50.21,2072871,58.19
2017,34,703,3866126,61.61,3.26,265510,30.62,2040483,81.88
2020,23,308,3116983,79.62,7.6,155140,66.11,3011898,87.42
2020,11,183,2896230,66.91,8.75,215993,11.15,587335,57.75
2011,6,629,2168433,94.62,8.98,161225,13.96,3609163,69.74
2014,18,510,4506397,80.08,3.94,250441,57.95,3487951,65.27
2023,21,708,3728621,80.49,11.39,106917,37.33,1361402,64.63
2010,34,546,4606766,70.26,1.35,113690,86.27,3975251,53.88
2021,17,564,1347991,57.24,5.97,74235,82.26,3940507,48.18
2010,25,624,3781404,56.36,11.92,250047,67.1,1466851,51.8
2014,12,594,1864188,73.2,8.89,59122,75.45,2679082,43.32
2021,23,744,2157359,58.64,4.66,63956,63.39,2226028,51.89
2022,22,227,268401,81.09,10.73,103879,20.05,3085032,40.55
2012,21,745,1035132,92.88,8.94,98560,71.24,3177195,77.64
2013,27,733,209292,92.97,12.15,292507,26.82,2426344,58.98
2012,31,436,4741066,83.34,11.29,253872,35.88,3557100,98.39
2010,6,422,3217759,64.08,9.54,150310,75.54,2449465,51.62
2010,27,554,513937,92.11,7.83,239757,52.92,1176837,60.75
2021,34,21,3014391,93.1,2.86,195732,78.8,3199449,61.47
2021,12,554,2731206,63.46,4.66,299101,27.04,3210999,40.51
2023,7,397,1242097,86.71,6.87,277268,58.62,1637746,90.35
2022,10,625,237771,67.32,9.39,257136,16.7,1729040,41.92
2023,17,105,287199,89.51,8.19,285512,61.44,2511596,96.41
2014,26,192,2907281,97.88,5.03,41168,71,2339564,93.52
2015,21,17,2782481,56.29,1.09,85124,56.79,3763289,72.13
2012,28,120,4884777,93.59,7.95,206969,31.3,4288699,72.62
2021,2,393,2324316,81.77,5,186104,12.51,3016596,79.23
2018,1,425,3652615,96.86,11.28,92797,19.56,4227436,63.22
2014,26,129,1633214,75,1.34,75294,59.78,2565933,78.83
2017,29,130,801518,91.44,9.19,214899,84.75,4966940,42.69
2022,21,572,563313,57.68,14.18,43516,26.52,3562511,43.24
2010,11,560,3981586,69.42,3.44,190823,68.8,484083,67.43
2023,11,29,3264215,57.88,7.6,70373,79.32,631598,72.98
2014,35,97,3510989,96.94,2.28,162026,51.67,2378845,93.27
2012,34,10,2382214,90.13,9.76,70270,63.54,766252,46.28
2021,24,242,2380229,91.66,8.71,181458,75.2,3150798,89.36
2010,22,232,1913462,95.33,6.7,272931,30.85,2636047,52.6
2013,5,284,704224,58.66,8.3,235889,33.75,3424353,63.65
2022,33,715,2300397,71.58,13.55,105184,10.05,3354992,59
2014,20,726,2049284,58.05,3.75,285388,87.05,4897663,64.01
2016,19,200,2051676,64.06,1.32,250765,83.4,796362,49.03
2010,35,79,1734532,64.86,13.06,77879,71.17,4561835,70.21
2012,17,173,504418,75.17,9.08,276128,16.33,3635443,88.1
2011,34,467,1522542,66.55,13.47,89597,45.8,2032303,66.49
2018,9,581,4523014,59.34,9.36,210204,18.15,2851821,69.44
2019,26,416,4906854,62.2,12.34,43626,11.27,526941,90.93
2015,2,449,612621,61.33,7.02,125936,59.29,3973770,82.36
2019,9,87,3579801,96.84,11.5,273251,86.87,4950224,69.43
2012,9,101,4858163,87.65,13.78,274873,82.23,486354,55.46
2017,17,8,1648099,96.61,9.01,121515,65.74,3040149,93.1
2023,1,200,4244463,73.91,3.53,248137,17.73,1035709,74.62
2017,25,505,3863233,66.97,4.76,95390,31.93,2585178,53.27
2011,25,87,1261569,89.33,3.78,187717,35.6,3353965,56.15
2015,35,43,4611307,69.03,4.46,263032,71.05,2185469,88.19
2016,3,385,1245885,67.87,5.29,94144,74.18,3765632,42.65
2011,30,621,1206083,65,8.77,184454,40.81,3622348,99.53
2020,34,435,2024324,60.58,9.23,44025,43.43,1446365,47.82
2019,12,408,3948190,66.03,6.97,214298,13.56,1236078,87.76
2011,19,483,3438445,70.28,9.62,119380,33.13,586598,63.69
2019,17,664,2792974,83.98,2.14,294043,46.1,4643758,69.53
2010,10,17,3542099,57.69,2.23,158910,19.36,633037,92.84
2017,12,645,1329180,64.05,3.41,240783,46.26,3931871,64.77
2010,16,148,3383178,89.79,8.25,136055,78.25,684933,72.25
2018,24,277,4581211,61.32,4,166189,56.51,313933,42.96
2020,19,232,2634182,69.73,4.97,245782,16.31,1101720,40.14
2015,8,366,1858286,92.18,6.6,174515,25.33,2247914,54.69
2016,31,228,4649757,61.66,12.37,61395,47.96,2785662,80.83
2022,21,651,4915313,58.56,1.19,50725,38.92,527709,47.28
2019,17,436,4413089,75.84,10.09,73461,38.7,355539,46.83
2016,23,399,2847921,68,10.36,298072,52.34,1850866,64.66
2019,16,211,4424142,79.23,12.18,81115,56.75,3404513,78.87
2012,6,391,319160,89.56,14.06,150084,73.75,3877173,82.72
2011,8,499,2619931,60.9,1.28,267959,37.28,1902272,50.71
2018,25,540,491904,79.97,3.15,123732,74.44,4947384,44.78
2017,18,563,628526,76.74,13.41,283217,37.09,4276429,96.42
2022,25,491,887393,61.2,7.42,250862,14.43,3268097,55.64
2021,12,442,3395503,81.83,8.9,119557,54.34,2135030,91.2
2019,15,261,864422,66.77,10.28,282744,57.03,2050852,91.81
2016,26,350,784983,75.98,10.51,111260,84.76,112120,86.35
2018,26,352,2313429,58.54,14.04,199762,68.08,724135,50.13
2013,32,520,3185812,74.76,14.96,41407,83.42,4917167,89.31
2022,10,320,4325115,68.18,11.08,113568,82.67,4839052,86.16
2013,16,138,2926280,90.36,5.02,98560,58.37,2153902,75.8
2010,7,550,2988687,57.45,13.32,218412,52.22,4845920,60.23
2017,17,623,1466842,73,1.69,188866,54.6,2321186,55.75
2023,23,368,2381256,74.71,4.24,190953,88.27,3421613,47.31
2023,26,220,3739024,86.18,13.56,257364,71.85,934030,70.59
2021,21,337,4446650,79.69,4.59,276770,18.5,4486152,75.12
2012,22,223,3752418,83.69,4.09,266024,72.27,2451441,61.56
2016,7,648,2331608,88.41,2.93,220775,23.64,3024553,68.52
2021,14,360,3980010,92.07,13.03,215426,45.79,2366598,61.81
2011,15,329,3691771,68.5,8,131288,26.84,1876238,78.46
2011,7,463,4129441,78.13,10.45,249534,65.17,162784,94.08
2016,9,561,1010652,91.12,4.35,159020,80.18,2559730,49.84
2015,8,382,2238370,97.55,11.61,139301,33.23,4538072,62.88
2012,23,590,1598485,93.25,11.64,289836,16.56,2095127,48.45
2018,29,617,1617343,70.97,5.38,54390,33.88,1841070,77.5
2019,18,169,3375495,63.39,6.75,275475,63.79,1608834,83.73
2023,31,217,3435744,76.04,3.94,258547,36.3,1135108,95.91
2022,30,378,805612,86.89,14.67,67307,32.25,4437739,56.73
2015,35,119,4044528,76.18,10.04,267436,24.75,578365,97.01
2019,18,190,2126475,75.78,14.08,265121,49.8,3014212,43.8
2019,17,370,2191912,91.04,5.25,289812,32.08,2174242,76.18
2015,14,149,3194311,70.54,11.95,291063,68.48,3315400,43.43
2010,31,676,335622,91.97,11.72,64502,16.13,1719110,93.63
2013,24,652,2012889,72.49,10.68,266671,63.12,594209,71.79
2019,35,488,1956862,69.11,14.52,62486,29,713398,80.16
2015,34,374,4076390,74.52,6.51,151813,49.14,1634230,89.89
2015,3,693,1446436,87.79,2.83,209330,32.89,1863796,49.02
2020,26,160,717540,60.42,10.4,228788,67.82,4890280,42.32
2021,23,351,2245690,63.45,11.21,268300,85.62,951980,92.73
2014,15,288,1638236,95.91,9.05,143920,83.37,1866299,58.9
2010,4,288,4755815,62.55,3.9,252566,56.67,4567610,47.74
2017,29,226,3032410,79.41,8.06,271624,47.01,4120018,68.11
2014,22,523,1454355,79.91,5.37,122768,75.46,1762656,75.9
2021,25,522,2725480,76.05,6.98,181820,64.67,4994097,41.86
2021,13,273,3474083,82.72,10.03,102785,24.69,2710366,56.49
2021,18,402,2514722,64.88,11.43,116050,75.67,1334599,41.97
2014,33,183,2951092,78.76,4.25,62738,44.31,660846,65.22
2016,16,665,2300229,71,6.67,114231,25.12,4423242,93.71
2013,2,488,1572534,83.45,4.77,113606,32.54,1295307,98.96
2015,35,124,1772907,61.07,3.78,264373,31.4,2971712,78.22
2022,34,626,2565967,79.55,11.97,81662,51.54,4217143,49.7
2013,30,414,4725112,62.97,13.73,158313,28.75,3077407,94.35
2023,13,725,2920574,66.98,6.18,267369,19.89,955656,70.97
2012,13,172,2938939,64.4,11.52,253306,19.9,4760745,49.22
2016,18,288,4036280,62.86,13.56,55123,56.66,3666568,95.3
2017,32,435,2094940,90.51,12.85,271752,68.78,4779020,85.45
2013,32,686,2149409,67.29,3.56,196688,35.72,1892363,83.9
2022,35,113,3222382,94.87,14.39,273754,12.77,738922,82.55
2011,29,122,3931857,96.71,6.27,51182,20.18,877867,52.02
2021,29,544,4587871,79.56,5.75,130369,83.18,4160861,52.66
2019,16,222,341464,61.15,1.87,269950,49.48,3166461,81.3
2023,10,631,4789400,71.11,7.81,233085,46.29,2602884,53.18
2012,30,39,2723829,89.3,2.53,202403,13.04,1802424,66.32
2010,25,497,168581,70.8,4.48,217170,68.29,3401643,86.92
2017,20,233,3902256,58.74,5.44,66128,52.25,4275252,87.04
2012,5,530,388540,78.94,12.32,71556,26.17,1285560,67.2
2021,1,149,551590,91.34,13.26,298470,18.81,1860968,87.53
2019,30,397,1468412,89.22,5.23,258577,40.67,1046301,90.32
2016,3,661,3410492,62.53,13.02,192948,76.97,4956113,79.29
2019,14,638,1680369,83.93,13,180021,79.22,4427101,53.71
2014,30,302,922328,64.48,11.71,91962,58.23,967838,56.44
2019,4,360,4859479,64.38,3.05,130054,68.2,1157880,58.89
2014,18,238,3160691,92.59,10.66,295056,19.21,3187714,47.01
2023,25,647,1408097,65.74,14.23,242278,57.05,4419859,56.39
2016,1,663,3350354,66.32,10.56,64099,63.36,3578192,52.57
2018,15,236,1344315,55.03,5.64,275943,26.06,1671853,67.32
2021,9,736,2625508,92.44,8.01,183788,80.41,568224,94.51
2014,15,203,2426219,89.08,10.04,223683,25.6,3230576,46.27
2010,24,256,1408311,81.98,8.15,209957,35.08,3340216,83.22
2019,4,598,4560784,87.26,2.68,93144,59.64,1407066,81.24
2019,12,662,1339467,61.54,5.37,236292,61.07,885890,45.75
2010,6,235,214074,74.71,12.23,47837,65.95,4187954,95.35
2011,24,345,2620466,70.1,13.06,220427,18.96,1022229,74.11
2023,11,534,3705180,59.03,2.92,218371,77.96,2938109,61.82
2015,13,466,4533120,75.9,14.33,190231,52.63,2703441,85.39
2018,34,541,840645,94.59,5.6,165212,47.71,4906799,55.44
2017,25,213,3337093,56.72,10.27,156680,88.49,298017,81.61
2022,7,463,1067481,67.53,11.53,288003,69.23,3843757,42.38
2014,4,436,3644804,63.92,12.37,146802,19.44,2968921,90.36
2010,8,283,112507,65.24,14.24,287447,70.52,4965368,66.89
2022,20,562,1155710,94.06,5.38,142413,17.62,3103225,78.2
2016,29,607,2388377,75.13,13.02,91012,12.2,2429518,53.27
2014,10,463,4437373,75.05,2.84,170193,42.29,4544623,80.62
2015,34,407,856564,87.7,10.87,230377,89.49,4328316,86.33
2022,26,88,3968949,61.64,11.39,258168,23.99,766775,68.39
2016,3,44,1659473,75.95,10.49,188178,63.81,3678478,77.06
2012,6,461,1761952,73.49,4.53,98123,23.87,4802034,67.38
2021,5,278,787954,80.67,13.22,151825,67.98,554529,93.65
2019,5,683,2958056,97.98,3.36,48720,50.43,2444218,69.87
2012,23,421,757173,88.09,1.75,208733,64.4,2961129,90.51
2014,9,701,4560579,72.11,11.04,286103,26.23,1211766,88.08
2015,35,353,729447,90.58,7.66,264970,69.65,3521147,64.63
2018,20,696,1111404,62.34,12.89,264866,89.65,639203,53.81
2022,35,515,3030248,56.31,6.37,258390,63.25,1411629,64.36
2023,18,703,2663987,63.79,3.36,277776,49.48,1000542,89.57
2021,17,630,2803913,69.64,12.71,192192,83.85,3311636,53.66
2014,24,19,2585232,76.95,8.68,190862,11.27,4054780,71.47
2010,3,23,2428907,81.45,3.65,98655,68.39,4328416,88.37
2023,32,413,4582688,94.16,11.09,230715,81.1,3045759,61.21
2023,35,30,2879915,76.92,8.16,133448,14.93,394768,78.53
2023,13,108,2413162,76.55,9.46,218446,46.01,3452921,54.74
2013,25,367,4931909,57.16,7.45,213979,26.38,161264,46.56
2014,9,281,965113,56.5,12.6,221143,55.32,2559507,87.66
2021,4,128,2742794,78.7,12.61,160507,61.96,4938094,45.94
2019,14,229,2261549,73.84,10.93,74812,34.21,4737452,56.28
2019,34,111,2395704,91.08,2.48,89570,46.8,3552097,91.31
2014,11,136,4631025,61.91,12.74,90901,32.35,3451191,60.79
2016,3,362,473332,56.07,10.39,100186,39.55,1318284,98.38
2013,28,186,342575,74.31,10.76,162066,22.76,3180202,98.78
2010,29,656,1509700,65.21,6.08,168364,80.84,3821993,56.1
2023,9,584,79336,57.13,13.31,221323,10.8,2048058,42.46
2023,3,129,3251078,86.16,11.16,236243,80.59,4788827,82.3
2014,25,261,1692425,59.8,2.58,76160,55.73,722207,67.06
2016,34,515,2657622,81.16,6.71,59156,36.53,742064,46.05
2019,12,449,1936963,67.09,13.41,116208,67.84,965630,82.45
2019,9,104,2822605,62.46,1.66,251052,50.62,4425001,41.87
2015,15,483,1497947,71.33,14.46,243392,49.93,3046878,92.21
2014,25,224,4226426,89.46,10.51,189001,18.81,2085500,48.32
2013,5,491,3906756,71.86,9.84,237678,41.16,3072881,47.64
2011,11,473,1548339,87.28,4.79,259514,29.29,1409989,50.54
2013,34,10,726296,60.4,4.48,271226,11.26,268678,97.62
2019,24,405,429039,88.23,14.19,233631,38.81,4726160,81.59
2019,15,302,578714,65.19,5.18,225277,17.19,4150501,88.08
2012,8,231,2961190,84.13,11.86,281766,30.55,1075924,63.86
2019,5,731,4685352,79.33,6.5,239547,17.4,903789,60.18
2010,26,66,602439,94.95,2.95,235413,18.08,270923,54.07
2017,18,112,4192535,71.65,1.15,135377,25.92,400406,68.84
2014,6,13,323452,57.85,8.62,82863,89.99,617961,73.11
2022,13,393,828883,55.82,14.66,252909,10.17,1135598,77.91
2013,28,500,4421047,90.55,6.17,105439,61.09,2611902,55.43
2017,5,598,4993772,77.56,6,178266,21.3,3740377,96.92
2016,13,234,2239921,88.34,5.82,242459,83.65,263944,50.19
2011,17,602,3248156,65.08,8.29,161361,17.49,2696105,97.94
2010,32,314,4872139,69.84,7.17,252986,86.41,3122345,40.89
2021,29,566,812371,56.29,13.32,237286,58.87,2790543,68.87
2020,3,12,3307945,96.34,8.08,136176,10.1,3069852,60
2013,34,209,3818950,83.72,8.11,270364,81.52,4856004,66.95
2017,27,14,192980,95.13,2.94,69777,51.74,1458454,74.24
2021,13,633,4746671,66.42,14.76,296427,31.01,3971018,66.14
2011,33,418,2484003,81.29,4.5,197255,71.38,1170804,64.89
2012,6,437,307354,84.18,2.03,198517,84.13,2537220,83.96
2021,24,377,3256943,68.65,10.28,238110,48.7,2203627,81.15
2010,19,20,1967160,91.47,9.34,287549,35.24,3198350,90
2010,16,587,3365258,95.73,6.81,127201,73.12,4535686,55
2022,28,735,4421545,93.05,6.91,187270,64.54,3677643,76.57
2012,33,70,2285883,86.78,11.99,192483,81.1,4724341,75.11
2020,13,211,2600982,66.93,3.74,221649,65.4,2489911,62.18
2014,25,101,814265,67.11,12.48,55867,29.48,1826681,69.16
2021,27,698,358617,96.42,10.08,102501,84.53,217408,58.83
2012,7,132,3030346,55.44,6.87,185338,18.39,736431,48.51
2010,5,623,794748,85.79,7.41,79422,31.44,3535504,52.83
2010,31,381,3686562,85.37,4.59,206280,51.62,899288,46.33
2017,23,132,2104410,81.78,11.53,279610,55.26,1336541,80.98
2019,10,20,2527748,97.57,8.18,161544,11.22,2136721,79.64
2020,32,536,784275,68.41,5.49,202285,72.45,1740913,97.04
2021,30,227,1347819,69.62,9.34,178439,38.93,417798,83.78
2022,31,154,1084186,58.39,14.94,295230,42.51,1351222,43.12
2022,18,742,648506,74.04,7.09,250098,74.75,590783,93.05
2021,2,469,606718,66.23,13.89,75362,40.34,1207177,91.76
2023,14,405,1646853,69.77,5.83,290449,13.78,886796,66.6
2011,13,202,402414,90.89,1.77,91588,24.12,4759014,75.15
2022,29,38,3013944,95.23,3.86,209357,86.47,3594585,98.56
2012,12,188,2397693,62.99,6.86,166683,15.63,2092834,71.94
2011,2,57,2813545,71.02,4.07,296157,38.39,4223412,94.32
2012,32,20,3566144,94.93,1,245827,50.25,4019736,44.98
2016,13,273,3998401,57.66,13.81,242918,49.46,4816302,51.46
2010,27,119,174932,58.97,12.81,76307,10.32,2573055,66.45
2019,17,583,318083,62,11.39,266239,50.09,1427877,75.09
2017,31,516,1801498,80.59,3.35,120280,40.7,4276852,88.97
2022,34,221,3927809,61.47,2.69,190939,87.77,2787328,99.3
2019,24,526,4926709,96.63,1.95,96523,22.73,1999955,63.33
2019,35,515,1608426,74.21,11.14,255233,38.33,2005888,42.84
2019,6,728,3280431,76.57,14,177450,43.56,4298811,88.07
2023,19,741,2642316,65.61,7.03,255757,41.26,772225,76.26
2011,30,336,339220,75.25,2.67,147669,63.27,3610463,51.91
2012,7,698,4026765,83.46,8.17,248030,27.24,1540334,69.69
2018,10,55,1445285,87.3,5.88,198998,27.69,2224365,84.54
2016,32,500,4726029,87.42,6.25,143215,68.34,3170610,86.22
2013,34,536,2972705,79.85,9.7,138707,50.02,3303178,69.98
2019,28,162,2714749,93.89,11.06,184252,43.21,497693,58.31
2014,15,670,4049453,90.15,2.55,132837,23.54,3832238,98.42
2011,30,594,1456978,87.55,1.5,158070,25,2072613,79.8
2022,29,159,2971989,57.39,14.92,208003,10.84,2715880,64.49
2020,22,188,1034156,55.3,4.26,195086,17.31,3924484,56.83
2022,4,60,3763543,64.14,1.75,285847,54.55,3258483,83.87
2017,20,319,913659,83.53,3.66,267544,81.35,3435705,54.53
2013,32,211,4993082,72.68,1.55,119872,32.97,1444091,50.3
2018,4,406,2287035,72.3,6.49,229574,36.22,504470,71.79
2014,27,664,1253920,93.04,12.23,127736,19.25,4429394,57.4
2022,17,109,3158591,93.51,5.78,45470,41.09,891624,77.73
2018,12,76,3660954,94.09,7.22,267467,12.98,1701207,47.08
2013,22,542,797852,68.5,10.46,186025,83.41,1707245,79.3
2019,17,314,1206618,84.72,8.12,275652,63.85,3095035,57
2014,10,117,3961147,66.68,13.06,209579,89.26,2409305,40.01
2018,1,704,1157810,63.2,13.12,290033,80.63,2956188,47.62
2017,22,19,862283,62.94,1.14,132969,47.84,2643628,96.02
2012,26,432,2964863,69.71,11.89,131493,51.57,584427,92.04
2010,18,685,1871367,73.49,7.45,46523,25.25,2517714,54.02
2012,14,740,3422863,90.73,14.84,257995,46.96,4818740,86.7
2013,29,350,2949033,60.16,7.77,228262,82.24,4058905,76.51
2011,12,183,4582669,86.6,14.82,218833,14.07,4891506,98.25
2010,35,113,1628315,77.85,11.56,71169,79.08,4183372,62.42
2016,12,183,1399590,67.38,4.48,85641,37.28,1209229,80.89
2017,7,481,3554438,76.19,8.54,194062,81.96,3993623,43.81
2016,29,146,4630197,67.9,14.89,69661,85.27,4486897,63.77
2023,11,628,3095529,80.63,13.01,184491,63.67,2189884,97.83
2014,33,113,2275541,73.66,2.36,54457,63.15,4304099,72.34
2021,6,476,2861139,62.07,10.89,107600,46.22,3480796,57.27
2010,15,303,1519793,60.01,5.84,143619,76.84,1611546,47.22
2016,32,118,4540512,78.51,1.1,116102,86.93,4921699,82.21
2022,11,161,4994490,93.8,6.65,73085,72.01,1596030,78.69
2016,23,401,2947706,69.79,4.29,137064,59.75,2949090,62.44
2018,26,198,3251473,86.52,12.46,221726,58.54,3412750,97.06
2012,34,260,1148657,83.32,5.72,177202,77.96,111009,41.33
2018,34,660,976215,95.06,12.59,145723,53.3,4472472,58.22
2023,29,47,3083449,90.3,1.01,173114,74.31,1823480,95.26
2010,4,399,1499991,79.36,5.31,110134,50.71,3799397,59.26
2010,17,710,2561910,83.25,4.38,82982,15,2091367,55.14
2023,35,559,474528,93.63,4.27,269494,40.72,430328,72.05
2013,13,78,2585610,72.18,1.95,105185,45.56,4509013,89.43
2018,15,124,2765223,69.05,3.62,73477,21.33,2808668,46.19
2015,29,75,662181,55.46,8.78,154161,18.2,1100294,96.58
2022,29,137,3695525,90.54,5.08,92709,52.84,3298454,87.7
2020,11,602,1700824,89.44,6.84,199788,16.81,1046984,50.88
2012,32,400,189227,59.49,6.28,118137,34.24,2385362,82.72
2010,2,505,1823055,79.8,13.26,76018,69.57,2942894,63.1
2013,14,500,742137,74.95,13.67,179133,87.15,3550375,64.14
2021,20,573,331854,60.1,7.9,179681,67.43,277265,87
2022,22,138,4924196,97.16,5.62,75371,89.41,3326585,97.77
2018,11,50,710327,64.23,2.5,281422,65.87,3628329,47.6
2012,27,619,1707153,57.89,14.35,123021,33.5,3136773,65.24
2021,3,625,4395398,80.58,1.84,191877,63.76,4484432,68.86
2018,17,254,1535255,86.77,5.17,47857,66.17,1790792,62.58
2016,28,630,4206004,56.4,5.17,182692,39.74,1731570,61.79
2021,29,710,1856684,83.32,5.49,48177,11.42,2075556,43.14
2023,21,563,1859858,77.89,3.3,201183,66.26,3590678,81.13
2013,16,426,529083,59.44,11.96,291842,11.74,4873598,66.17
2012,20,547,1444316,62.42,2.71,128578,60.5,1760102,51.69
2019,6,302,1951740,79.42,9.89,255253,23.09,2445170,88.96
2014,19,581,4312627,67.74,2.73,129941,55.25,1611710,88.15
2014,5,349,4634946,95.35,1.99,298121,50.31,1867091,69.18
2012,3,49,2345936,90.21,13.73,51826,11.08,932230,57.91
2021,1,74,4351400,97.29,3.66,184962,39.03,916609,78.29
2018,15,704,4691094,66.17,12.5,122428,58.09,3735192,57.29
2013,34,261,2757184,96.7,8.62,288139,77.89,4684470,54.16
2020,35,356,2962066,73.54,2.09,166044,81.09,4162316,83.83
2014,25,582,3820771,69.94,14.38,229103,48.71,3288741,42.42
2013,24,602,1590724,57.17,4.46,290512,68.27,4264133,45.69
2014,12,260,2015730,57.27,13.04,283206,35.32,1755464,40.41
2016,18,638,4612530,84.76,3.36,115020,37.37,1506819,49.18
2018,15,743,4370614,74.69,12.96,45495,25.56,978835,44.14
2016,16,295,4133290,64.74,1.19,68481,54.96,723578,99.75
2022,27,641,725673,81.4,8.16,182339,35.17,3377560,57.33
2014,8,313,4112224,65.87,11.77,157897,16.75,3269870,48.96
2019,25,612,1938529,79.84,14.09,276774,64.8,2569485,54.46
2019,17,182,1144316,70.45,13.73,177815,66.62,3131946,96.17
2016,29,686,4350915,90.41,12.47,225872,38.8,2479093,71.21
2023,8,364,1686675,90.29,13.43,143475,16.14,4602748,61.89
2019,15,188,756673,75.53,3.79,219845,44.1,2860451,92.4
2014,27,569,851849,70.09,4.98,97042,45.39,4898064,63.7
2012,7,543,1778665,70.59,5.05,89476,63.49,797389,60.1
2016,3,596,1211068,89.65,6.28,299039,35.23,4555978,52.44
2022,29,664,1085891,69.11,6.51,263177,64.61,3866176,62.67
2020,24,548,803494,63.99,8.62,68552,79.72,4341244,59
2020,3,725,473177,58.64,3.24,236314,29,4273414,80.64
2011,20,408,692762,75.07,10.68,216844,88.31,4004840,57.37
2021,15,618,817876,75.73,3.35,214802,40.91,3920730,74.63
2018,25,414,3754697,91.16,5.34,200020,31.38,2949310,43.95
2019,30,342,1256184,64.51,8.05,247383,43.72,2948411,51.48
2019,14,220,1810511,71.38,12.15,109093,17.55,3444443,64.44
2021,7,163,4634074,89.76,11.35,109123,20.06,1156504,96.22
2010,17,220,3591815,90.42,10.04,56535,43.15,2544149,62.64
2022,20,270,96002,71.54,3.18,106490,71,2314669,79.84
2015,9,632,4660146,74.74,8.66,86562,82.02,2054702,55.31
2016,22,400,765339,68.04,2.22,159042,63.19,4689079,47.62
2023,2,182,4189289,95.1,6.28,296323,18.42,1199469,43.51
2022,24,618,1834006,60.1,6.79,129080,63.76,4244111,58.32
2017,8,729,4963478,95.15,1.56,298916,60.83,2760038,49.46
2019,11,205,678889,84.41,4.84,229607,74.46,1287171,50.44
2018,13,582,2417108,77.86,14.38,270063,76.02,3033361,85.65
2011,17,556,4639699,56.4,14.35,81269,79.46,521655,40.95
2020,8,228,3894886,75.45,5.93,120674,43.13,899717,73.47
2019,21,696,975779,72.53,1.6,82462,65.83,2582266,62.77
2011,18,619,2579832,61.93,3.51,174199,31.46,1021806,70.39
2014,30,596,3369151,83.23,6.49,63147,89.95,3507129,73.77
2022,18,250,275391,96.76,14.27,216600,24.03,891043,58.8
2014,31,441,241387,79.17,2.98,117095,10.81,3401112,57.71
2015,32,533,3682632,85.73,11.69,284172,21.9,1293728,84
2012,11,196,4658474,57.94,2.52,240003,72.07,1604329,92.28
2017,25,690,2834067,72.96,14.74,130925,45.74,1877850,51.55
2022,33,519,1424073,60,6.34,106381,45.8,635888,45.86
2010,8,70,2585394,81.35,11.85,139468,86.4,4018446,93.87
2015,11,639,4607220,95.35,5.8,282330,83.57,2668921,60.99
2013,22,399,4422352,83.46,9.79,103749,34.9,4912940,73.08
2010,24,672,1474663,58.3,3.69,209744,26.72,2302888,61.57
2016,17,203,2519146,70.25,3.04,53731,77.88,1959722,47.55
2018,12,148,3341070,78.68,14.13,164647,82.48,4224741,75.36
2022,32,472,736268,72.34,13.85,225584,53.33,2652192,71.51
2013,15,655,851955,90.85,13.42,269730,60.35,235797,52.18
2013,16,199,1161009,90.03,9.76,91024,30.55,2633573,67.11
2015,22,426,2063148,81.31,12.32,156712,74.06,1824620,87.82
2021,28,666,4517223,71.06,1.97,141121,60.57,2682229,75.43
2012,20,492,1569593,65.98,5.69,43832,50.28,3212734,45.82
2022,33,142,2494291,59.55,5.39,72332,14.81,4930165,72.88
2021,10,313,197745,70.26,9.9,52467,83.27,458062,82.16
2015,32,165,3842824,72.77,5.98,81025,59.24,3055251,87.56
2016,33,314,1780992,84.06,3.08,184179,25.42,2177645,77.75
2020,2,21,187686,83.3,9.35,299419,58.51,1501471,49.16
2019,33,82,2117636,58.01,12.4,117994,64.2,4879897,82.61
2019,33,581,4201923,72,6.35,134202,52.06,1816548,80.64
2012,13,131,2033044,62.82,2.85,83481,67.45,4504003,41.47
2016,30,599,3974221,61.74,3.75,173653,56.52,1118143,64.7
2023,33,730,3364344,90.57,4.32,115118,85.82,4200321,59.98
2012,13,305,99976,56.8,5.2,164010,14.3,4258527,80.16
2022,26,371,2572620,73.02,10,222710,18.5,1987145,52.97
2022,22,384,2413128,62.23,9.41,163714,23.89,2197711,75.45
2011,2,445,3417611,92.81,10.75,179490,65.21,137361,94.79
2021,26,425,4455813,78.95,6.08,264699,61.65,2998845,87.87
2023,15,161,3692693,64.95,12.54,200185,81.36,3563227,95.29
2019,34,178,2077320,76.6,3.86,124363,68.63,2557856,98.71
2013,11,629,1862105,86.45,7.57,163607,50.67,1861856,40.64
2021,3,708,1997238,96.2,12.21,103044,89.35,2441102,77.36
2017,6,490,1445796,64.48,3.52,251027,31.29,3671488,64.77
2022,9,327,4859045,93.11,2.54,232102,76.66,100037,91.59
2018,6,598,3611262,95.18,13.37,51814,44.14,3717177,55.11
2016,9,289,258859,94.41,5.8,139340,61.9,4597868,98.86
2010,31,593,4077902,82.32,10.57,50024,68.18,721531,76.82
2012,32,664,95475,82.08,1.35,234360,60.7,753668,87.61
2022,12,573,3353364,72.34,10.66,149236,21.24,3504158,45.14
2021,8,573,3289254,87.35,5.43,97836,45.44,2756040,51.01
2023,8,354,1149577,77.85,1.78,47435,54.92,803645,85.5
2018,28,28,894081,84.13,9.54,238156,77.92,1405927,41.32
2021,20,43,4673037,73.42,4.37,295095,45.49,2721872,89.01
2010,7,681,3745727,86.45,6.42,110601,83.5,693975,40.84
2018,11,423,1652970,90.45,2.13,259488,45.23,2965728,79.43
2017,20,598,1581064,61.3,3.06,160871,53.9,4083063,61.91
2010,16,177,4461887,90.82,5.17,289717,73.7,2382373,76.69
2015,4,529,277189,78.23,2.26,174479,56.65,2940152,81.76
2014,6,610,2126198,91.32,13.75,138943,86.82,2650552,60.55
2015,22,494,1518919,73.55,1.08,72940,62.83,952224,46.48
2019,26,198,3331941,71.3,7.77,45666,51.82,2492735,44.18
2021,3,610,2700324,94.35,2.73,77122,11.89,1461968,75.34
2022,14,577,3460580,65.8,5.31,158647,43.1,3722546,71.24
2022,11,517,3735104,91.3,13.96,196164,33.94,4995035,84.53
2022,18,514,1470858,75.81,3.26,169753,69.85,3706940,70.58
2014,12,22,1798982,77.11,14.52,163402,26.66,3168929,65.35
2015,23,112,1495065,68.26,3.88,246717,26.42,3700200,63.89
2014,12,57,4946799,79.64,11.38,141190,25.16,659031,41.59
2020,13,66,128077,68.98,8.65,140468,20.05,2801243,60.13
2021,25,98,4559322,56.69,13.38,169207,34.88,2219228,98.56
2014,19,144,1691232,66.7,8.76,66505,80.87,4535728,92.41
2013,8,435,4495818,55.27,8.48,76713,71.99,306384,59.76
2012,29,637,4145077,97.07,3.74,225459,68.82,3627089,75.27
2012,32,679,834192,96.53,3.33,83169,73.79,4235554,90.84
2013,18,86,4680232,71.99,13.83,244354,31.55,4439242,66.48
2018,6,588,970114,86.32,5.59,117511,81,3088088,41.08
2011,18,344,651891,69.87,6.21,222814,20.98,1079907,44.47
2018,19,294,3579921,83.86,11.64,80522,36.91,313968,70.62
2010,22,571,2232926,89.63,5.74,252204,56.94,4682692,98.17
2023,32,650,2535670,95.71,14.33,290694,18.23,394957,81.59
2010,3,611,3394250,72.21,11.33,289836,68.41,2001737,44.25
2014,28,704,3416085,88.68,9.36,274561,40.98,2447855,51.36
2015,10,243,4656976,66.43,13.33,139397,72.75,1564458,86.28
2015,35,561,4073278,97.58,1.69,43880,49.43,2402743,90.49
2012,29,32,587977,56.11,4.6,214526,24.47,4688156,77.06
2016,15,391,2049014,80.95,7.51,226783,68.78,1085461,78.67
2018,33,277,3753292,83.36,4.18,83539,30.17,2721021,41.7
2020,7,532,1608141,84.59,11.41,280056,49.26,3455361,89.71
2021,12,154,3718280,60.18,13.87,239393,16.04,1906423,87.3
2019,30,383,2773408,95.36,6.93,259057,59.43,2050408,55.54
2017,21,68,1898058,62.79,5.79,54799,63.27,727915,82.52
2015,31,214,4834808,81.78,14.46,285656,40.29,3694128,52.89
2021,24,655,2209173,64.58,7.23,144843,86.35,1276957,42.42
2017,20,376,4704419,68.21,7.85,231174,79.93,1506427,52.07
2021,4,744,92291,78.5,5.92,221798,66.64,3589550,50.72
2014,28,213,4672580,72.94,13.73,88784,67.09,3995090,60.26
2017,20,79,4639058,61.89,8.97,291436,30.19,1945786,65.11
2019,24,726,4547968,62.35,11.67,153034,62.55,2865013,70.51
2021,32,628,2172827,72.98,12.37,214405,25.86,136382,68.61
2013,34,604,4917951,87.56,5.79,211900,21.52,962219,56.24
2019,2,381,2118671,93.61,7.07,240598,89.96,1818303,41.75
2017,15,680,758672,58.62,12.88,94362,59.79,4152127,76.31
2019,34,58,387369,71.9,6.09,93997,44.48,1374856,63.74
2021,6,26,4026974,59.31,12.12,295045,33.05,3901082,57.92
2011,12,447,3542963,55.71,14.17,221413,58.31,3446668,92.02
2021,3,66,4557167,83.45,9.72,190145,13.97,4029268,84.8
2021,18,254,2277039,80.91,11.38,142399,17.57,2807260,91.47
2014,21,44,346063,62.01,12.27,54549,12.63,3305677,69.7
2018,15,97,1433875,65.05,12.83,254867,49.93,2606068,47.86
2013,33,554,1926336,56.02,6.53,96920,58.05,1735407,81.77
2020,35,227,4006778,90.9,1.72,256398,15,4192550,52.36
2015,26,679,4803267,96.91,6.63,246587,67.7,583075,66.47
2010,8,436,2937757,60.82,10.43,191388,28.43,4059770,43.9
2018,30,601,2518665,64.95,7.3,197255,64.82,1877310,89.52
2010,23,379,2959984,92.34,11.49,133860,88.55,427370,47.56
2014,14,178,742924,94.84,6,64624,65.29,3028751,94.19
2013,14,427,2620115,73.04,9.89,233587,80.66,2264533,91.85
2022,2,709,1711655,57.18,3.61,274784,85.86,933142,67.87
2021,5,307,4722412,56.69,11.49,256853,48.94,4573214,84.66
2022,14,504,3150498,79.68,8.64,86705,66.19,4396720,77.17
2022,25,268,4839125,71.89,3.86,129326,78.16,3782796,88.18
2023,20,586,4720432,56.23,5.09,197828,38.53,942653,65.91
2012,2,8,1073920,80.08,11.48,100390,30.91,1936517,87.15
2022,6,508,3861666,55.49,7.76,108369,85.73,451637,67.75
2015,17,476,3869712,88.86,4.02,241893,68.1,277946,96.46
2011,25,297,1083668,68.18,14.54,49589,27.57,964899,69.18
2012,28,164,2523199,56.73,11.01,153012,45.93,363503,67.76
2014,2,485,347675,80.3,14.4,185188,73.72,2418292,87.1
2018,35,597,758175,72.1,6.98,113181,53.77,2126393,89.29
2011,5,72,3725002,96.87,7.65,215858,62,3102083,73.27
2019,1,567,1917306,78.4,13.57,265758,70.3,4626226,50.79
2017,12,559,313625,66.84,8.35,163711,59.76,2479897,68.07
2023,23,238,892840,85.51,10.9,116425,53.21,1394416,98.08
2011,31,104,4444643,66.67,4.53,201358,69.97,2085196,85.18
2020,11,210,175355,93.88,7.25,274153,68.21,4018198,88.67
2022,10,554,4272102,71.11,2.73,55994,60.39,1660121,41.97
2014,3,468,665937,78.64,3.88,272111,38.78,543035,68.07
2016,14,454,1425607,57.17,1.01,151915,42.46,3199072,78.8
2017,16,268,69477,73.32,1.55,162961,87.64,2135115,89.8
2010,10,386,3606210,90.79,14.68,261270,18.99,789317,42.96
2015,29,387,2537111,89.64,4.39,144672,31.48,4652636,91.15
2010,10,259,2059606,64.65,10.29,66639,49.39,851240,72.9
2011,12,283,1609757,64.72,12.75,57205,76.94,4415596,51.84
2010,30,626,4649409,90.14,8.71,96677,23.09,4384874,59.04
2020,1,40,3482207,95.01,3.14,72930,32.16,1095791,56.92
2014,5,486,4517890,59.1,11.19,113313,15.26,2320943,71.85
2019,20,220,1931297,74.35,9.4,264923,66.48,3162138,43.1
2018,8,129,873759,69.51,11.24,153153,29.06,1641121,49.51
2015,12,520,3080855,92.44,11.78,263581,41.09,2060299,88.76
2020,1,613,4579275,58.59,14.66,58316,45.5,2953501,47.96
2020,20,688,181184,64.08,9.03,198376,81.31,2927433,54
2010,28,619,1185627,87.36,5.78,272911,42.91,2559622,67.2
2022,12,613,2297805,57.21,10.08,136058,21.62,1997459,71.03
2010,28,260,295300,76.18,1.96,127876,51.95,4340012,85.82
2011,15,366,634010,74.01,13.56,125366,87.04,4049842,66.84
2018,6,544,142036,69.38,2.67,53403,58.61,1315442,87.39
2012,20,649,903392,71.97,5.59,120052,88.67,4217095,77.1
2010,14,524,331696,77.79,12.42,288550,77.29,2680309,46.79
2014,2,16,3712340,61.94,9.36,255699,12.88,3415537,49.38
2016,9,129,1240456,79.6,6.51,113495,62.67,2691318,66.22
2015,20,575,4479723,89.63,7.63,203004,32.94,4347328,63.81
2021,26,109,1040029,87.69,12.96,136090,54.77,1551469,84.61
2010,29,533,204692,61.62,5.76,76701,32.35,3400874,74.84
2014,1,670,4507335,61.42,13.18,174457,37.91,4836416,63.29
2014,35,269,2441098,66.53,2.23,292396,83.85,4163997,50.25
2015,6,162,1707888,70.53,11.88,270298,26.53,4812838,53.61
2012,5,260,2635917,72.56,12.87,97241,79.93,148926,74.53
2014,33,102,4887231,84.23,3.55,181439,12.44,3851387,65.41
2016,14,506,1874964,57.44,7.02,105030,17.27,2879060,70.9
2014,12,735,1438509,56.49,3.32,217577,78.37,4657418,50.24
2014,20,571,3804542,71.85,10.89,295534,60.44,583791,79.77
2014,24,247,2548214,84.98,8.49,204404,69.78,1770930,91.15
2019,34,640,4728083,63.32,9.89,256250,26.75,2258714,55.48
2019,25,537,4814812,82.58,3.75,247397,52.97,3548281,69.49
2012,29,131,4623574,66.17,3.96,206340,68.98,2150181,98.53
2010,31,353,4158502,93.1,1.58,257558,60.19,896266,59.99
2014,23,196,1618146,93.51,5.51,196635,47.74,2722280,75.7
2023,20,666,533455,67.78,8.84,145185,86.78,4325872,45.41
2018,23,382,4086405,64.89,13.01,76404,64.09,761259,76.36
2023,16,645,597219,72.69,10.34,95182,82.62,710326,45.38
2010,8,227,2236268,65.34,7.1,72991,68.38,1345749,97.55
2012,21,701,4495975,83.91,14.34,144601,68.84,1056277,82.94
2022,1,476,4037793,90.52,11.07,218735,16.4,2326941,87.29
2022,8,477,1674777,83.94,14.02,105886,38.76,1518180,82.25
2013,29,265,2921656,90.45,8.39,162002,78.67,4796298,75.38
2023,32,372,4758569,72.07,4.62,123848,28.61,174723,66.99
2010,5,486,3905933,61.72,1.74,195199,19.24,3118967,91.5
2010,22,434,4872684,86.73,11.17,97692,36.09,3826904,97.41
2017,34,646,2376729,70.5,2.7,265461,27.64,1633017,69.94
2011,1,211,3957129,83.86,5.24,77500,84.02,892515,95.89
2021,26,572,145556,66.64,8.45,73785,79.44,1493196,75
2017,10,377,1947883,58.49,8.9,124146,49.97,1135211,72.3
2016,30,395,3519992,97.68,9.41,260198,14.91,2289568,67.27
2019,18,450,1605537,61.72,3.33,266051,67.16,4034740,52.56
2019,17,364,702755,97.5,6.32,87997,59.87,747122,40.22
2011,26,457,3716344,97.02,9.64,47170,87.64,3882164,54.49
2015,8,725,3576362,89.13,14.58,184375,54.72,1861331,70.58
2015,12,728,793088,83.36,11.19,111743,36.91,1977329,62.8
2012,27,226,4894747,79.85,13.92,248924,51.52,2992970,66.91
2020,8,131,2645834,92.24,11.67,75187,88.34,415315,98.84
2011,25,588,109778,67.45,9.28,236106,65.71,250594,61.02
2021,4,476,1144409,75.11,3.69,242848,63.76,820892,67.13
2010,33,277,2703528,81.63,10.33,172965,29.25,4163903,48.01
2015,1,156,4154399,72.68,9.73,184825,69.49,4479455,42.88
2021,19,218,1563083,73.38,9.43,78090,70.02,4059015,86.52
2014,31,190,3392103,69.2,7.86,235994,35.38,2232942,74.24
2023,16,417,2223513,79.26,8.4,247840,48.7,2772452,85.64
2023,14,675,1448949,91.57,5.68,99412,33.57,2314979,48.99
2020,5,692,572154,63.67,8.27,293478,30.7,3505851,74.31
2018,26,546,3518582,95.18,3.77,96030,12.07,296211,55.22
2010,28,41,1061930,84.63,12.27,57509,32.82,1936082,53.68
2016,2,307,1129525,90.4,3.6,108653,54.32,2337699,40.69
2014,6,338,1835818,78.92,2.19,208001,10.13,4440496,47.82
2014,9,314,3001720,88.52,7.11,169626,32.66,4558434,58.56
2023,33,75,1210117,55.7,10.22,219363,80.51,1913065,47.01
2011,25,279,2132963,90.19,7.13,44042,57.49,4687281,99.15
2020,13,176,4306146,56.73,4.87,233646,58.63,4902850,58.52
2012,9,662,2635171,93.27,8.81,77201,42.27,477332,47.82
2016,13,273,1331506,97.65,5.86,263354,64.12,184153,51.94
2015,31,620,339134,67.64,14.06,54016,25.19,1226018,75.26
2021,11,651,2818705,64.04,13.92,65022,75.5,4072162,43.84
2011,4,289,4374660,87.91,8.03,272034,19.34,4272060,91.75
2015,34,724,2916069,65.88,5.59,67938,62.48,1408064,97.69
2011,4,272,787090,92.22,11.32,214750,37.29,178947,54.8
2011,19,66,964565,59.42,1.51,158171,69.8,2053980,67.01
2011,6,483,3885598,60.42,7.65,272320,53.98,2638361,41.33
2023,34,248,1102425,97.1,5.71,101720,46.19,4069411,78.44
2020,18,156,827567,83.98,13.89,145514,23.55,1068410,64.84
2012,13,47,2766207,91.42,1.17,227877,60.95,2510912,56.2
2011,23,454,1799736,68.95,8.74,245395,87.98,2699087,52.41
2013,19,201,1620234,84.09,11.37,173058,76.05,4036642,79.24
2018,11,660,101707,80.55,7.79,116478,14.8,2567286,64.97
2015,1,124,330833,80.94,2.2,254066,40.1,3467764,50.78
2010,24,1,3749100,84.35,14.61,183233,84.05,3711880,81.35
2017,7,640,1138963,79.74,8.25,191761,50.24,794934,73.9
2021,25,191,1927145,73.45,9.6,167101,62.97,1140835,91.52
2023,21,579,2333785,66.86,4.31,134699,83.01,1978292,47.05
2016,15,516,4044420,88.05,7.77,231996,79.9,4563786,87.14
2019,1,442,884874,64.73,7.01,272383,50.15,242617,80.41
